# x,y,z,dir_x,dir_y,dir_z (mm; jet centre on the channel axis + spray direction)
41.39,3.00,-2.00,-1.00,-0.07,0.00
-15.77,-0.27,159.44,0.88,-0.01,-0.48
-38.60,9.62,57.40,0.96,0.04,-0.29
26.34,-2.89,94.63,-0.99,0.11,0.01
-23.15,-34.44,-2.00,0.56,0.83,0.00
-18.17,37.31,-2.00,0.44,-0.90,0.00
21.60,35.43,46.18,-0.52,-0.86,0.01
22.38,-34.95,42.73,-0.53,0.85,-0.01
-24.21,10.77,108.95,0.92,-0.40,0.01
-24.07,-33.80,49.56,0.58,0.81,0.00
-2.53,-26.38,119.71,0.10,1.00,-0.00
6.82,25.35,133.56,-0.30,-0.94,-0.15
-41.27,-4.36,18.89,0.99,0.11,-0.00
16.93,-37.89,2.00,-0.41,0.91,0.00
41.49,-0.02,45.04,-1.00,0.00,-0.00
2.63,26.36,85.70,-0.10,-1.00,-0.00
-15.38,38.52,51.79,0.37,-0.93,-0.00
18.07,-12.48,147.52,-0.79,0.46,-0.39
19.85,36.45,8.95,-0.48,-0.88,-0.00
-6.31,-25.73,79.76,0.24,0.97,-0.00
26.86,14.84,68.96,-0.89,-0.14,-0.43
-32.37,25.96,22.94,0.78,-0.63,-0.00
-6.29,-41.02,22.94,0.15,0.99,-0.00
28.45,-15.33,66.95,-0.57,0.69,-0.45
-25.49,-6.96,131.84,0.95,0.29,-0.09
-25.79,-6.24,77.87,0.97,0.25,-0.03
-38.31,15.95,-2.00,0.92,-0.38,0.00
7.64,13.79,159.44,-0.45,-0.75,-0.48
33.56,-24.41,18.89,-0.81,0.59,-0.00
25.66,6.59,128.72,-0.97,-0.25,0.01
38.42,15.69,21.61,-0.93,-0.38,0.00
15.58,21.43,108.95,-0.59,-0.81,0.01
-18.58,18.54,133.56,0.73,-0.66,-0.15
-18.75,-18.73,101.10,0.71,0.70,0.01
-9.45,-21.11,144.80,0.45,0.82,-0.36
-19.22,18.30,77.87,0.71,-0.70,-0.03
22.29,-14.33,116.98,-0.84,0.54,0.00
-38.05,-16.54,39.22,0.92,0.40,-0.00
-38.21,-16.18,-2.00,0.92,0.39,0.00
5.26,-36.06,62.11,0.21,0.90,-0.39
15.46,-21.51,85.70,-0.58,0.81,-0.00
34.75,22.68,2.00,-0.84,-0.55,0.00
33.17,-24.94,-2.00,-0.80,0.60,0.00
-3.56,-41.35,-2.00,0.09,1.00,0.00
36.40,19.92,43.89,-0.88,-0.48,0.00
36.42,-19.89,46.18,-0.87,0.48,0.01
-1.76,33.10,65.98,-0.30,-0.85,-0.43
10.46,40.15,29.89,-0.25,-0.97,0.01
-1.91,-41.45,42.73,0.04,1.00,-0.01
-7.00,25.53,103.42,0.28,-0.96,-0.02
-28.28,-20.31,64.04,0.89,0.20,-0.42
-34.95,22.38,42.73,0.85,-0.53,-0.01
1.03,41.49,8.95,-0.02,-1.00,-0.00
-10.92,16.77,151.53,0.44,-0.78,-0.44
7.00,-25.53,103.42,-0.28,0.96,-0.02
20.48,9.45,146.16,-0.80,-0.45,-0.39
-0.27,-15.77,159.44,-0.01,0.88,-0.48
21.81,15.04,93.34,-0.82,-0.57,-0.01
-26.41,2.12,93.34,1.00,-0.08,-0.01
13.81,26.53,70.00,-0.13,-0.90,-0.42
-0.02,41.49,45.04,0.00,-1.00,-0.00
-41.48,-0.95,43.89,1.00,0.03,0.00
-23.25,-12.71,115.63,0.88,0.48,-0.00
16.07,-25.22,70.00,-0.72,0.56,-0.42
-22.64,34.78,13.29,0.55,-0.84,0.00
-18.80,-37.00,13.29,0.45,0.89,0.00
-14.86,21.94,118.34,0.56,-0.83,0.00
1.90,26.43,118.34,-0.07,-1.00,0.00
18.59,-18.77,131.84,-0.68,0.73,-0.09
15.77,0.27,159.44,-0.88,0.01,-0.48
-19.84,-9.41,147.52,0.80,0.46,-0.39
-37.00,-18.80,13.29,0.89,0.45,0.00
31.49,-0.18,67.95,-0.84,-0.33,-0.43
-24.69,33.35,39.22,0.59,-0.80,-0.00
28.62,27.64,57.40,-0.85,-0.45,-0.29
41.44,2.22,13.29,-1.00,-0.05,0.00
39.85,-11.60,2.00,-0.96,0.28,0.00
26.50,-0.05,114.29,-1.00,0.00,0.00
38.60,-9.62,57.40,-0.96,-0.04,-0.29
-30.19,28.47,2.00,0.73,-0.69,0.00
-15.69,-38.41,38.03,0.37,0.93,0.01
-15.90,-27.18,67.95,0.14,0.89,-0.43
-28.45,15.33,66.95,0.57,-0.69,-0.45
23.04,-34.51,14.71,-0.56,0.83,-0.00
11.05,40.00,-2.00,-0.27,-0.96,0.00
-15.33,28.45,66.95,0.69,-0.57,-0.45
-32.31,0.95,66.95,0.84,0.31,-0.45
1.77,21.88,147.52,-0.00,-0.92,-0.39
28.96,-29.72,31.14,-0.70,0.72,0.00
-12.77,23.22,90.79,0.49,-0.87,0.01
25.73,6.31,79.76,-0.97,-0.24,-0.00
-23.06,-13.04,89.51,0.87,0.49,-0.01
-33.80,-24.07,49.56,0.81,0.58,0.00
-13.86,-22.58,112.94,0.53,0.85,0.01
23.25,12.71,115.63,-0.88,-0.48,-0.00
0.55,-26.49,90.79,-0.02,1.00,0.01
-6.96,-25.49,131.84,0.29,0.95,-0.09
13.21,-22.97,114.29,-0.50,0.87,0.00
-41.27,4.37,2.00,0.99,-0.11,0.00
26.84,31.65,-2.00,-0.65,-0.76,0.00
-32.01,-26.41,2.00,0.77,0.64,0.00
-1.38,-41.48,10.41,0.03,1.00,-0.00
-26.49,-0.61,115.63,1.00,0.03,-0.00
-22.82,13.46,89.51,0.86,-0.51,-0.01
-13.04,-23.06,89.51,0.49,0.87,-0.01
15.38,-38.52,51.79,-0.37,0.93,-0.00
-35.02,22.27,11.86,0.84,-0.54,0.00
-3.81,41.33,-2.00,0.09,-1.00,0.00
-1.31,-29.88,70.00,0.34,0.84,-0.42
22.82,-13.46,89.51,-0.86,0.51,-0.01
13.04,23.06,89.51,-0.49,-0.87,-0.01
16.30,38.17,20.26,-0.39,-0.92,-0.00
-40.15,-10.46,29.89,0.97,0.25,0.01
40.22,10.22,31.14,-0.97,-0.25,0.00
4.97,41.20,20.26,-0.12,-0.99,-0.00
9.94,-15.76,154.18,-0.44,0.77,-0.47
-18.73,13.55,144.80,0.80,-0.49,-0.36
4.94,-41.20,50.68,-0.13,0.99,-0.02
36.79,19.19,11.86,-0.89,-0.46,0.00
35.41,-21.64,8.95,-0.85,0.52,-0.00
-27.64,-28.62,57.40,0.45,0.85,-0.29
-21.94,14.86,118.34,0.83,-0.56,0.00
11.57,23.84,118.34,-0.44,-0.90,0.00
-8.68,-16.49,154.18,0.45,0.76,-0.47
